<?xml version="1.0" encoding="utf-8" standalone="yes"?>
<root>
    <windows>
        <driver id="internetexplorer">
            <version id="2.53.1">
                <bitrate sixtyfourbit="true">
                    <filelocation>http://selenium-release.storage.googleapis.com/2.53/IEDriverServer_x64_2.53.1.zip</filelocation>
                    <hash>8bb35310de86b4dd58915a5f430d4ccab1266698</hash>
                    <hashtype>sha1</hashtype>
                </bitrate>
                <bitrate thirtytwobit="true">
                    <filelocation>http://selenium-release.storage.googleapis.com/2.53/IEDriverServer_Win32_2.53.1.zip</filelocation>
                    <hash>ecd2d40f6b9b50e18903fd4c0ad286939bfd04a7</hash>
                    <hashtype>sha1</hashtype>
                </bitrate>
            </version>
        </driver>
        <driver id="googlechrome">
            <version id="2.23">
                <bitrate thirtytwobit="true" sixtyfourbit="true">
                    <filelocation>http://chromedriver.storage.googleapis.com/2.23/chromedriver_win32.zip</filelocation>
                    <hash>847bf2497eab7aac5cf0622e49939f976087aae4</hash>
                    <hashtype>sha1</hashtype>
                </bitrate>
            </version>
        </driver>
        <driver id="operachromium">
            <version id="0.2.2">
                <bitrate sixtyfourbit="true">
                    <filelocation>https://github.com/operasoftware/operachromiumdriver/releases/download/v0.2.2/operadriver_win64.zip</filelocation>
                    <hash>8b84d334ca6dc5e30c168d8df080c1827e4c6fdb</hash>
                    <hashtype>sha1</hashtype>
                </bitrate>
                <bitrate thirtytwobit="true">
                    <filelocation>https://github.com/operasoftware/operachromiumdriver/releases/download/v0.2.2/operadriver_win32.zip</filelocation>
                    <hash>daa9ba52eeca5ea3cb8a9020b85642ec047e9890</hash>
                    <hashtype>sha1</hashtype>
                </bitrate>
            </version>
        </driver>
        <driver id="phantomjs">
            <version id="2.1.1">
                <bitrate thirtytwobit="true" sixtyfourbit="true">
                    <filelocation>https://bitbucket.org/ariya/phantomjs/downloads/phantomjs-2.1.1-windows.zip</filelocation>
                    <hash>eb61e6dc49832a3d60f708a92fa7299c57cad7db</hash>
                    <hashtype>sha1</hashtype>
                </bitrate>
            </version>
            <version id="1.9.8">
                <bitrate thirtytwobit="true" sixtyfourbit="true">
                    <filelocation>https://bitbucket.org/ariya/phantomjs/downloads/phantomjs-1.9.8-windows.zip</filelocation>
                    <hash>4531bd64df101a689ac7ac7f3e11bb7e77af8eff</hash>
                    <hashtype>sha1</hashtype>
                </bitrate>
            </version>
        </driver>
        <driver id="marionette">
            <version id="0.10.0">
                <bitrate sixtyfourbit="true">
                    <filelocation>https://github.com/mozilla/geckodriver/releases/download/v0.10.0/geckodriver-v0.10.0-win64.zip</filelocation>
                    <hash>babc51b39da6f9a090c3c0e3ab9e800086f6140c</hash>
                    <hashtype>sha1</hashtype>
                </bitrate>
            </version>
        </driver>
    </windows>
    <linux>
        <driver id="googlechrome">
            <version id="2.23">
                <bitrate sixtyfourbit="true">
                    <filelocation>http://chromedriver.storage.googleapis.com/2.23/chromedriver_linux64.zip</filelocation>
                    <hash>917f9e939e816c4f4487b2ebfddb21ecc77a4a9c</hash>
                    <hashtype>sha1</hashtype>
                </bitrate>
                <bitrate thirtytwobit="true">
                    <filelocation>http://chromedriver.storage.googleapis.com/2.23/chromedriver_linux32.zip</filelocation>
                    <hash>b4bc392b16a62988cf0aa8e609e7edcc7a13ecc8</hash>
                    <hashtype>sha1</hashtype>
                </bitrate>
            </version>
        </driver>
        <driver id="operachromium">
            <version id="0.2.2">
                <bitrate thirtytwobit="true">
                    <filelocation>https://github.com/operasoftware/operachromiumdriver/releases/download/v0.2.2/operadriver_linux32.zip</filelocation>
                    <hash>8b0b92a870a1b4ba619eb0b85ec587caa2942e5b</hash>
                    <hashtype>sha1</hashtype>
                </bitrate>
                <bitrate sixtyfourbit="true">
                    <filelocation>https://github.com/operasoftware/operachromiumdriver/releases/download/v0.2.2/operadriver_linux64.zip</filelocation>
                    <hash>c207c6916e20ecbbc7157e3bdeb4737f14f15fe3</hash>
                    <hashtype>sha1</hashtype>
                </bitrate>
            </version>
        </driver>
        <driver id="phantomjs">
            <version id="2.1.1">
                <bitrate sixtyfourbit="true">
                    <filelocation>https://bitbucket.org/ariya/phantomjs/downloads/phantomjs-2.1.1-linux-x86_64.tar.bz2</filelocation>
                    <hash>f8afc8a24eec34c2badccc93812879a3d6f2caf3</hash>
                    <hashtype>sha1</hashtype>
                </bitrate>
                <bitrate thirtytwobit="true">
                    <filelocation>https://bitbucket.org/ariya/phantomjs/downloads/phantomjs-2.1.1-linux-i686.tar.bz2</filelocation>
                    <hash>9870663f5c2826501508972b8a201d9210d27b59</hash>
                    <hashtype>sha1</hashtype>
                </bitrate>
            </version>
            <version id="1.9.8">
                <bitrate sixtyfourbit="true">
                    <filelocation>https://bitbucket.org/ariya/phantomjs/downloads/phantomjs-1.9.8-linux-x86_64.tar.bz2</filelocation>
                    <hash>d29487b2701bcbe3c0a52bc176247ceda4d09d2d</hash>
                    <hashtype>sha1</hashtype>
                </bitrate>
                <bitrate thirtytwobit="true">
                    <filelocation>https://bitbucket.org/ariya/phantomjs/downloads/phantomjs-1.9.8-linux-i686.tar.bz2</filelocation>
                    <hash>efac5ae5b84a4b2b3fa845e8390fca39e6e637f2</hash>
                    <hashtype>sha1</hashtype>
                </bitrate>
            </version>
        </driver>
        <driver id="marionette">
            <version id="0.10.0">
                <bitrate sixtyfourbit="true">
                    <filelocation>https://github.com/mozilla/geckodriver/releases/download/v0.10.0/geckodriver-v0.10.0-linux64.tar.gz</filelocation>
                    <hash>7dd33d2779aedaca41f94dee2f1db6a25d9230a2</hash>
                    <hashtype>sha1</hashtype>
                </bitrate>
            </version>
        </driver>
    </linux>
    <osx>
        <driver id="googlechrome">
            <version id="2.23">
                <bitrate sixtyfourbit="true">
                    <filelocation>http://chromedriver.storage.googleapis.com/2.23/chromedriver_mac64.zip</filelocation>
                    <hash>6f90f35ebf62c99602a0a7298a72dbd130ffa651</hash>
                    <hashtype>sha1</hashtype>
                </bitrate>
            </version>
        </driver>
        <driver id="operachromium">
            <version id="0.2.2">
                <bitrate sixtyfourbit="true">
                    <filelocation>https://github.com/operasoftware/operachromiumdriver/releases/download/v0.2.2/operadriver_mac64.zip</filelocation>
                    <hash>d58a3b676dda7ede5c38e5df218e7c619495c4ed</hash>
                    <hashtype>sha1</hashtype>
                </bitrate>
            </version>
        </driver>
        <driver id="phantomjs">
            <version id="2.1.1">
                <bitrate thirtytwobit="true" sixtyfourbit="true">
                    <filelocation>https://bitbucket.org/ariya/phantomjs/downloads/phantomjs-2.1.1-macosx.zip</filelocation>
                    <hash>c6e1a16bb9e89ce1e392a4768e99177797c93350</hash>
                    <hashtype>sha1</hashtype>
                </bitrate>
            </version>
            <version id="1.9.8">
                <bitrate thirtytwobit="true" sixtyfourbit="true">
                    <filelocation>https://bitbucket.org/ariya/phantomjs/downloads/phantomjs-1.9.8-macosx.zip</filelocation>
                    <hash>d70bbefd857f21104c5961b9dd081781cb4d999a</hash>
                    <hashtype>sha1</hashtype>
                </bitrate>
            </version>
        </driver>
        <driver id="marionette">
            <version id="0.10.0">
                <bitrate thirtytwobit="true" sixtyfourbit="true">
                    <filelocation>https://github.com/mozilla/geckodriver/releases/download/v0.10.0/geckodriver-v0.10.0-macos.tar.gz</filelocation>
                    <hash>ca22ac7a159bc81f2e2f35fd29ccd6693a81b763</hash>
                    <hashtype>sha1</hashtype>
                </bitrate>
            </version>
        </driver>
    </osx>
</root>